{
   "dashboards": [{
      "autoswitchDelay": 300,
      "autoswitchEnabled": false,
      "autoswitchTabId": "null",
      "columnCount": 1,
      "columnProportion": "1",
      "creationTime": 1544454909098,
      "dashboardNavigations": {},
      "description": "",
      "disabled": false,
      "gridsterMaxColumns": 12,
      "hidden": false,
      "homeTab": false,
      "id": "6cbe1a4d-bf99-4c50-b773-ffc33b47ef50",
      "importAttempts": 0,
      "importComplete": true,
      "isDefault": false,
      "locked": false,
      "name": "VM-Dash-OftUsed",
      "rank": 156,
      "shared": false,
      "temporary": false,
      "userId": "858abcc3-fcb1-4553-abe2-43a1ab94ef74",
      "widgetInteractions": [
         {
            "type": "resourceId",
            "widgetIdProvider": "0a7bda1a-df97-48d1-9b95-d5be9c61dfef",
            "widgetIdReceiver": "01c530ee-e4e8-45a6-8204-f6748306d6d1"
         },
         {
            "type": "resourceId",
            "widgetIdProvider": "0a7bda1a-df97-48d1-9b95-d5be9c61dfef",
            "widgetIdReceiver": "1f5581a4-5234-403e-b08a-6900dfca4815"
         },
         {
            "type": "resourceId",
            "widgetIdProvider": "0a7bda1a-df97-48d1-9b95-d5be9c61dfef",
            "widgetIdReceiver": "3385302c-1025-4f9e-9f45-bf33e1eed1a0"
         }
      ],
      "widgets": [
         {
            "collapsed": false,
            "config": {
               "locationFile": "HTML-EXAMPLE",
               "locationUrl": "",
               "refreshContent": {"refreshContent": false},
               "refreshInterval": 300,
               "title": "Brought to you by:",
               "viewModeHTML": true
            },
            "gridsterCoords": {
               "h": 3,
               "w": 2,
               "x": 1,
               "y": 1
            },
            "height": 153,
            "id": "0d83d67a-2ec6-4c66-947a-6300e4206a17",
            "title": "Brought to you by:",
            "type": "TextDisplay"
         },
         {
            "collapsed": false,
            "config": {
               "refreshContent": {"refreshContent": false},
               "refreshInterval": 300,
               "resourceName": "",
               "selfProvider": {"selfProvider": false},
               "tagFilter": null,
               "title": "Advance Object Relationship"
            },
            "gridsterCoords": {
               "h": 6,
               "w": 6,
               "x": 1,
               "y": 8
            },
            "height": 324,
            "id": "1f5581a4-5234-403e-b08a-6900dfca4815",
            "states": [{
               "key": "permResourceRelationship_widget_6cbe1a4d-bf99-4c50-b773-ffc33b47ef50_1f5581a4-5234-403e-b08a-6900dfca4815",
               "value": "o%3A"
            }],
            "title": "Advance Object Relationship",
            "type": "ResourceRelationshipAdvanced"
         },
         {
            "collapsed": false,
            "config": {
               "autoTransitionInterval": 30,
               "metric": {
                  "mode": "resourceKind",
                  "resourceKindMetrics": [
                     {
                        "colorMethod": 1,
                        "id": "extModel6251-2",
                        "isStringMetric": false,
                        "metricKey": "cpu|usage_average",
                        "metricName": "CPU|Usage (%)",
                        "metricUnitId": "percent",
                        "resourceKindId": "resourceKind:id:0_::_",
                        "resourceKindName": "Virtual Machine",
                        "unit": "%"
                     },
                     {
                        "colorMethod": 1,
                        "id": "extModel6251-3",
                        "isStringMetric": false,
                        "metricKey": "mem|guest_activePct",
                        "metricName": "Memory|Guest Active Memory (%)",
                        "metricUnitId": "percent",
                        "resourceKindId": "resourceKind:id:0_::_",
                        "resourceKindName": "Virtual Machine",
                        "unit": "%"
                     },
                     {
                        "colorMethod": 1,
                        "id": "extModel14091-1",
                        "isStringMetric": false,
                        "metricKey": "cpu|readyPct",
                        "metricName": "CPU|Ready (%)",
                        "metricUnitId": "percent",
                        "resourceKindId": "resourceKind:id:0_::_",
                        "resourceKindName": "Virtual Machine",
                        "unit": "%"
                     }
                  ],
                  "resourceMetrics": []
               },
               "refreshContent": {"refreshContent": true},
               "refreshInterval": 300,
               "relationshipMode": 0,
               "resInteractionMode": null,
               "selfProvider": {"selfProvider": false},
               "title": "VM Metrics"
            },
            "gridsterCoords": {
               "h": 7,
               "w": 10,
               "x": 3,
               "y": 1
            },
            "height": 381,
            "id": "01c530ee-e4e8-45a6-8204-f6748306d6d1",
            "states": [
               {
                  "key": "permDateRange_permMetricChart_widget_6cbe1a4d-bf99-4c50-b773-ffc33b47ef50_01c530ee-e4e8-45a6-8204-f6748306d6d1",
                  "value": "s%3A%7B%22dateRange%22%3A%22last6Hour%22%2C%22dateFrom%22%3Anull%2C%22dateTo%22%3Anull%2C%22timeFrom%22%3Anull%2C%22timeTo%22%3Anull%7D"
               },
               {
                  "key": "permBtn_pan_permMetricChart_widget_6cbe1a4d-bf99-4c50-b773-ffc33b47ef50_01c530ee-e4e8-45a6-8204-f6748306d6d1",
                  "value": "b%3A0"
               },
               {
                  "key": "permBtn_zoomAllGraphs_permMetricChart_widget_6cbe1a4d-bf99-4c50-b773-ffc33b47ef50_01c530ee-e4e8-45a6-8204-f6748306d6d1",
                  "value": "b%3A0"
               },
               {
                  "key": "permMetricChart_widget_6cbe1a4d-bf99-4c50-b773-ffc33b47ef50_01c530ee-e4e8-45a6-8204-f6748306d6d1",
                  "value": "o%3Aweight%3Dn%253A0"
               }
            ],
            "title": "VM Metrics",
            "type": "RollingViewChart"
         },
         {
            "collapsed": false,
            "config": {
               "additionalColumns": [],
               "mode": 0,
               "refreshContent": {"refreshContent": false},
               "refreshInterval": 300,
               "selectFirstRow": {"selectFirstRow": false},
               "tagFilter": {
                  "path": ["/source/kind/kind:resourceKind:id:0_::_"],
                  "value": {
                     "adapterInstance": [],
                     "adapterKind": [],
                     "bus": [],
                     "collector": [],
                     "day": [],
                     "exclaim": false,
                     "healthRange": [],
                     "kind": ["resourceKind:id:0_::_"],
                     "maintenanceSchedule": [],
                     "state": [],
                     "status": [],
                     "tag": [],
                     "tier": []
                  }
               },
               "title": "VM"
            },
            "gridsterCoords": {
               "h": 4,
               "w": 2,
               "x": 1,
               "y": 4
            },
            "height": 210,
            "id": "0a7bda1a-df97-48d1-9b95-d5be9c61dfef",
            "states": [
               {
                  "key": "perm_toolbarVisible_widget_6cbe1a4d-bf99-4c50-b773-ffc33b47ef50_0a7bda1a-df97-48d1-9b95-d5be9c61dfef",
                  "value": "b%3A1"
               },
               {
                  "key": "permResGrid_widget_6cbe1a4d-bf99-4c50-b773-ffc33b47ef50_0a7bda1a-df97-48d1-9b95-d5be9c61dfef",
                  "value": "o%3Acolumns%3Da%253Ao%25253Aid%25253Ds%2525253Ah1%25255Ehidden%25253Db%2525253A1%25255Ewidth%25253Dn%2525253A100%255Eo%25253Aid%25253Ds%2525253Ah2%255Eo%25253Aid%25253Ds%2525253Ah3%25255Ehidden%25253Db%2525253A1%25255Ewidth%25253Dn%2525253A100%255Eo%25253Aid%25253Ds%2525253Ah4%255Eo%25253Aid%25253Ds%2525253Ah5%255Eo%25253Aid%25253Ds%2525253Ah6%255Eo%25253Aid%25253Ds%2525253Ah7%25255Ehidden%25253Db%2525253A1%25255Ewidth%25253Dn%2525253A100%255Eo%25253Aid%25253Ds%2525253Ah8%25255Ehidden%25253Db%2525253A1%25255Ewidth%25253Dn%2525253A100%255Eo%25253Aid%25253Ds%2525253Ah9%25255Ehidden%25253Db%2525253A1%25255Ewidth%25253Dn%2525253A100%255Eo%25253Aid%25253Ds%2525253Ah10%25255Ehidden%25253Db%2525253A1%25255Ewidth%25253Dn%2525253A100%255Eo%25253Aid%25253Ds%2525253Ah11%25255Ehidden%25253Db%2525253A1%25255Ewidth%25253Dn%2525253A100%255Eo%25253Aid%25253Ds%2525253Ah12%25255Ehidden%25253Db%2525253A1%25255Ewidth%25253Dn%2525253A100%255Eo%25253Aid%25253Ds%2525253Ah13%25255Ehidden%25253Db%2525253A1%25255Ewidth%25253Dn%2525253A100%255Eo%25253Aid%25253Ds%2525253Ah14%255Eo%25253Aid%25253Ds%2525253Ah15%25255Ehidden%25253Db%2525253A0%255Eo%25253Aid%25253Ds%2525253Ah16%25255Ehidden%25253Db%2525253A1%25255Ewidth%25253Dn%2525253A100%255Eo%25253Aid%25253Ds%2525253Ah17%25255Ehidden%25253Db%2525253A1%25255Ewidth%25253Dn%2525253A100%255Eo%25253Aid%25253Ds%2525253Ah18%25255Ehidden%25253Db%2525253A1%25255Ewidth%25253Dn%2525253A100%255Eo%25253Aid%25253Ds%2525253Ah19%25255Ehidden%25253Db%2525253A1%25255Ewidth%25253Dn%2525253A100%255Eo%25253Aid%25253Ds%2525253Ah20%25255Ehidden%25253Db%2525253A1%25255Ewidth%25253Dn%2525253A100%255Eo%25253Aid%25253Ds%2525253Ah21%25255Ehidden%25253Db%2525253A1%25255Ewidth%25253Dn%2525253A100%255Eo%25253Aid%25253Ds%2525253Ah22%25255Ehidden%25253Db%2525253A1%25255Ewidth%25253Dn%2525253A100%255Eo%25253Aid%25253Ds%2525253Ah23%25255Ehidden%25253Db%2525253A1%25255Ewidth%25253Dn%2525253A100%255Eo%25253Aid%25253Ds%2525253Ah24%25255Ehidden%25253Db%2525253A1%25255Ewidth%25253Dn%2525253A100%255Eo%25253Aid%25253Ds%2525253Ah25%25255Ehidden%25253Db%2525253A1%25255Ewidth%25253Dn%2525253A100%255Eo%25253Aid%25253Ds%2525253Ah26%25255Ehidden%25253Db%2525253A1%25255Ewidth%25253Dn%2525253A100%255Eo%25253Aid%25253Ds%2525253Ah27%25255Ehidden%25253Db%2525253A1%25255Ewidth%25253Dn%2525253A100%255Eo%25253Aid%25253Ds%2525253Ah28%25255Ehidden%25253Db%2525253A1%25255Ewidth%25253Dn%2525253A100%255Eo%25253Aid%25253Ds%2525253Ah29%25255Ehidden%25253Db%2525253A1%25255Ewidth%25253Dn%2525253A100%255Eo%25253Aid%25253Ds%2525253Ah30%25255Ehidden%25253Db%2525253A1%25255Ewidth%25253Dn%2525253A100%255Eo%25253Aid%25253Ds%2525253Ah31%25255Ehidden%25253Db%2525253A1%25255Ewidth%25253Dn%2525253A100%255Eo%25253Aid%25253Ds%2525253Ah32%25255Ehidden%25253Db%2525253A1%25255Ewidth%25253Dn%2525253A100%255Eo%25253Aid%25253Ds%2525253Ah33%25255Ehidden%25253Db%2525253A1%25255Ewidth%25253Dn%2525253A100%255Eo%25253Aid%25253Ds%2525253Ah34%25255Ehidden%25253Db%2525253A1%25255Ewidth%25253Dn%2525253A100%255Eo%25253Aid%25253Ds%2525253Ah35%25255Ehidden%25253Db%2525253A1%25255Ewidth%25253Dn%2525253A100%255Eo%25253Aid%25253Ds%2525253Ah36%25255Ehidden%25253Db%2525253A1%25255Ewidth%25253Dn%2525253A100%255Eo%25253Aid%25253Ds%2525253Ah37%25255Ehidden%25253Db%2525253A1%25255Ewidth%25253Dn%2525253A100%255Eo%25253Aid%25253Ds%2525253Ah38%25255Ehidden%25253Db%2525253A1%25255Ewidth%25253Dn%2525253A100%255Eo%25253Aid%25253Ds%2525253Ah39%25255Ehidden%25253Db%2525253A1%25255Ewidth%25253Dn%2525253A100%255Eo%25253Aid%25253Ds%2525253Ah40%25255Ehidden%25253Db%2525253A1%25255Ewidth%25253Dn%2525253A100%255Eo%25253Aid%25253Ds%2525253Ah41%25255Ehidden%25253Db%2525253A1%25255Ewidth%25253Dn%2525253A100%255Eo%25253Aid%25253Ds%2525253Ah42%25255Ehidden%25253Db%2525253A1%25255Ewidth%25253Dn%2525253A100%255Eo%25253Aid%25253Ds%2525253Ah43%25255Ehidden%25253Db%2525253A1%25255Ewidth%25253Dn%2525253A100%255Eo%25253Aid%25253Ds%2525253Ah44%25255Ehidden%25253Db%2525253A1%25255Ewidth%25253Dn%2525253A100%255Eo%25253Aid%25253Ds%2525253Ah45%25255Ehidden%25253Db%2525253A1%25255Ewidth%25253Dn%2525253A100%255Eo%25253Aid%25253Ds%2525253Ah46%25255Ehidden%25253Db%2525253A1%25255Ewidth%25253Dn%2525253A100"
               }
            ],
            "title": "VM",
            "type": "ResourceList"
         },
         {
            "collapsed": false,
            "config": {
               "metric": {
                  "mode": "resourceKind",
                  "resourceKindMetrics": [
                     {
                        "colorMethod": 1,
                        "id": "extModel6936-1",
                        "isStringMetric": true,
                        "metricKey": "config|guestFullName",
                        "metricName": "Configuration|Guest Fullname",
                        "metricUnitId": null,
                        "resourceKindId": "resourceKind:id:0_::_",
                        "resourceKindName": "Virtual Machine",
                        "unit": null
                     },
                     {
                        "colorMethod": 1,
                        "id": "extModel6936-7",
                        "isStringMetric": true,
                        "metricKey": "net:4000|ip_address",
                        "metricName": "Network:4000|IP Address",
                        "metricUnitId": null,
                        "resourceKindId": "resourceKind:id:0_::_",
                        "resourceKindName": "Virtual Machine",
                        "unit": null
                     },
                     {
                        "colorMethod": 1,
                        "id": "extModel6936-8",
                        "isStringMetric": true,
                        "metricKey": "net:4000|mac_address",
                        "metricName": "Network:4000|Mac Address",
                        "metricUnitId": null,
                        "resourceKindId": "resourceKind:id:0_::_",
                        "resourceKindName": "Virtual Machine",
                        "unit": null
                     },
                     {
                        "colorMethod": 1,
                        "id": "extModel6936-2",
                        "isStringMetric": false,
                        "metricKey": "config|numVMDKs",
                        "metricName": "Configuration|Number of VMDKs",
                        "metricUnitId": null,
                        "resourceKindId": "resourceKind:id:0_::_",
                        "resourceKindName": "Virtual Machine",
                        "unit": null
                     },
                     {
                        "colorMethod": 1,
                        "id": "extModel6936-4",
                        "isStringMetric": true,
                        "metricKey": "summary|parentHost",
                        "metricName": "Summary|Parent Host",
                        "metricUnitId": null,
                        "resourceKindId": "resourceKind:id:0_::_",
                        "resourceKindName": "Virtual Machine",
                        "unit": null
                     },
                     {
                        "colorMethod": 1,
                        "id": "extModel6936-5",
                        "isStringMetric": true,
                        "metricKey": "summary|parentCluster",
                        "metricName": "Summary|Parent Cluster",
                        "metricUnitId": null,
                        "resourceKindId": "resourceKind:id:0_::_",
                        "resourceKindName": "Virtual Machine",
                        "unit": null
                     },
                     {
                        "colorMethod": 1,
                        "id": "extModel6936-6",
                        "isStringMetric": true,
                        "metricKey": "summary|parentVcenter",
                        "metricName": "Summary|Parent vCenter",
                        "metricUnitId": null,
                        "resourceKindId": "resourceKind:id:0_::_",
                        "resourceKindName": "Virtual Machine",
                        "unit": null
                     }
                  ],
                  "resourceMetrics": []
               },
               "refreshContent": {"refreshContent": false},
               "refreshInterval": 300,
               "relationshipMode": 0,
               "resInteractionMode": null,
               "selfProvider": {"selfProvider": false},
               "title": "Property List",
               "visualTheme": 2
            },
            "gridsterCoords": {
               "h": 6,
               "w": 6,
               "x": 7,
               "y": 8
            },
            "height": 324,
            "id": "3385302c-1025-4f9e-9f45-bf33e1eed1a0",
            "title": "Property List",
            "type": "PropertyList"
         }
      ]
   }],
   "entries": {"resourceKind": [{
      "adapterKindKey": "VMWARE",
      "internalId": "resourceKind:id:0_::_",
      "resourceKindKey": "VirtualMachine"
   }]},
   "uuid": "651d40a7-f7f6-48f1-9935-9ef3d1f54e86"
}